source,target,lag,r,p_raw,p_adj,significant_fdr
alcohol,babies,1,0.1363,0.39543,0.87959,False
alcohol,babies,2,0.1004,0.5378,0.90493,False
alcohol,babies,3,0.0824,0.61793,0.92087,False
alcohol,babies,4,-0.235,0.15547,0.74424,False
alcohol,bakery,1,0.0979,0.54277,0.9071,False
alcohol,bakery,2,-0.0305,0.85176,0.9735,False
alcohol,bakery,3,0.1333,0.41852,0.88458,False
alcohol,bakery,4,-0.2541,0.12371,0.72852,False
alcohol,beverages,1,0.1407,0.38021,0.87292,False
alcohol,beverages,2,-0.3762,0.01673,0.51938,False
alcohol,beverages,3,0.4362,0.00551,0.51938,False
alcohol,beverages,4,-0.2576,0.11846,0.7267,False
alcohol,breakfast,1,-0.0153,0.92415,0.98619,False
alcohol,breakfast,2,-0.124,0.44602,0.89461,False
alcohol,breakfast,3,0.1914,0.24318,0.80162,False
alcohol,breakfast,4,0.008,0.96189,0.99548,False
alcohol,bulk,1,-0.1193,0.45739,0.89643,False
alcohol,bulk,2,0.1429,0.37913,0.87292,False
alcohol,bulk,3,-0.1981,0.22679,0.77882,False
alcohol,bulk,4,0.0955,0.56834,0.91436,False
alcohol,canned goods,1,0.0743,0.64442,0.92289,False
alcohol,canned goods,2,-0.0116,0.94314,0.99247,False
alcohol,canned goods,3,-0.0524,0.75141,0.95245,False
alcohol,canned goods,4,0.1111,0.50663,0.89904,False
alcohol,dairy eggs,1,0.0827,0.60735,0.92061,False
alcohol,dairy eggs,2,0.0294,0.85699,0.9735,False
alcohol,dairy eggs,3,0.1287,0.43507,0.88761,False
alcohol,dairy eggs,4,-0.0742,0.65799,0.92289,False
alcohol,deli,1,-0.2812,0.07492,0.67694,False
alcohol,deli,2,0.2251,0.16261,0.74424,False
alcohol,deli,3,0.0624,0.70599,0.93525,False
alcohol,deli,4,-0.007,0.96675,0.99685,False
alcohol,dry goods pasta,1,-0.2727,0.08454,0.69593,False
alcohol,dry goods pasta,2,0.0865,0.59565,0.91785,False
alcohol,dry goods pasta,3,-0.0201,0.90344,0.97855,False
alcohol,dry goods pasta,4,0.152,0.3623,0.87263,False
alcohol,frozen,1,-0.0505,0.75379,0.95304,False
alcohol,frozen,2,-0.0888,0.58602,0.91785,False
alcohol,frozen,3,0.0208,0.89988,0.9781,False
alcohol,frozen,4,0.2091,0.20779,0.77034,False
alcohol,household,1,-0.0754,0.63956,0.92289,False
alcohol,household,2,-0.2978,0.06203,0.66194,False
alcohol,household,3,0.0798,0.62907,0.92289,False
alcohol,household,4,-0.0187,0.91143,0.98099,False
alcohol,international,1,0.2849,0.071,0.67694,False
alcohol,international,2,-0.1035,0.52502,0.9013,False
alcohol,international,3,-0.0003,0.99841,0.99914,False
alcohol,international,4,-0.1083,0.51763,0.89977,False
alcohol,meat seafood,1,-0.0275,0.8644,0.9735,False
alcohol,meat seafood,2,-0.0586,0.71931,0.94341,False
alcohol,meat seafood,3,0.0317,0.84823,0.9735,False
alcohol,meat seafood,4,-0.1435,0.38993,0.87303,False
alcohol,pantry,1,0.2431,0.12568,0.72852,False
alcohol,pantry,2,-0.235,0.14436,0.74424,False
alcohol,pantry,3,-0.2063,0.20763,0.77034,False
alcohol,pantry,4,0.1956,0.23932,0.79261,False
alcohol,personal care,1,0.1351,0.39984,0.88238,False
alcohol,personal care,2,-0.3558,0.02423,0.52614,False
alcohol,personal care,3,0.0774,0.63972,0.92289,False
alcohol,personal care,4,0.0021,0.9901,0.99854,False
alcohol,pets,1,0.1972,0.21662,0.77471,False
alcohol,pets,2,-0.1496,0.357,0.87002,False
alcohol,pets,3,0.0298,0.857,0.9735,False
alcohol,pets,4,0.0598,0.72128,0.94341,False
alcohol,produce,1,-0.0892,0.5792,0.91785,False
alcohol,produce,2,0.4261,0.00612,0.51938,False
alcohol,produce,3,-0.2063,0.20761,0.77034,False
alcohol,produce,4,-0.1354,0.41781,0.88458,False
alcohol,snacks,1,-0.204,0.20085,0.76514,False
alcohol,snacks,2,-0.0458,0.77907,0.95953,False
alcohol,snacks,3,0.1326,0.42095,0.88458,False
alcohol,snacks,4,0.1925,0.24686,0.80598,False
babies,alcohol,1,-0.0386,0.81077,0.96481,False
babies,alcohol,2,0.259,0.10657,0.70371,False
babies,alcohol,3,-0.1355,0.4109,0.88458,False
babies,alcohol,4,0.0223,0.89409,0.97765,False
babies,bakery,1,0.322,0.04008,0.64598,False
babies,bakery,2,-0.5909,6e-05,0.08208,False
babies,bakery,3,0.0898,0.58687,0.91785,False
babies,bakery,4,0.3106,0.05771,0.66194,False
babies,beverages,1,0.3902,0.01166,0.51938,False
babies,beverages,2,-0.2441,0.12895,0.73405,False
babies,beverages,3,-0.1236,0.45349,0.89461,False
babies,beverages,4,0.1323,0.42834,0.88716,False
babies,breakfast,1,0.1619,0.31183,0.85317,False
babies,breakfast,2,-0.1497,0.35658,0.87002,False
babies,breakfast,3,-0.0726,0.66059,0.92289,False
babies,breakfast,4,-0.0334,0.84233,0.9735,False
babies,bulk,1,-0.1062,0.50872,0.89904,False
babies,bulk,2,-0.0975,0.5497,0.9071,False
babies,bulk,3,0.1177,0.4753,0.89904,False
babies,bulk,4,0.167,0.31635,0.85349,False
babies,canned goods,1,-0.0674,0.67556,0.92289,False
babies,canned goods,2,0.0009,0.99544,0.99854,False
babies,canned goods,3,0.2545,0.11786,0.72627,False
babies,canned goods,4,-0.3089,0.05915,0.66194,False
babies,dairy eggs,1,-0.0552,0.73172,0.94971,False
babies,dairy eggs,2,-0.0449,0.78338,0.95953,False
babies,dairy eggs,3,0.0175,0.91573,0.98335,False
babies,dairy eggs,4,0.2424,0.14251,0.74424,False
babies,deli,1,-0.0169,0.9165,0.98335,False
babies,deli,2,0.2876,0.07193,0.67694,False
babies,deli,3,-0.2288,0.16112,0.74424,False
babies,deli,4,0.0701,0.67589,0.92289,False
babies,dry goods pasta,1,0.1934,0.22577,0.77882,False
babies,dry goods pasta,2,-0.0875,0.59137,0.91785,False
babies,dry goods pasta,3,-0.0289,0.86129,0.9735,False
babies,dry goods pasta,4,-0.2195,0.18538,0.74976,False
babies,frozen,1,0.0978,0.54305,0.9071,False
babies,frozen,2,0.1681,0.29976,0.8529,False
babies,frozen,3,-0.0451,0.78536,0.95953,False
babies,frozen,4,-0.3881,0.01604,0.51938,False
babies,household,1,0.1389,0.38658,0.87292,False
babies,household,2,0.122,0.45323,0.89461,False
babies,household,3,-0.0133,0.93604,0.98881,False
babies,household,4,-0.2977,0.06953,0.67694,False
babies,international,1,-0.2684,0.08973,0.69593,False
babies,international,2,0.0328,0.84064,0.9735,False
babies,international,3,0.1124,0.49555,0.89904,False
babies,international,4,-0.0269,0.87245,0.9743,False
babies,meat seafood,1,-0.0973,0.54507,0.9071,False
babies,meat seafood,2,0.1628,0.31551,0.85349,False
babies,meat seafood,3,-0.1049,0.5251,0.9013,False
babies,meat seafood,4,0.2038,0.21964,0.77471,False
babies,pantry,1,-0.3549,0.02278,0.51938,False
babies,pantry,2,0.4649,0.00251,0.42921,False
babies,pantry,3,0.0153,0.9265,0.98727,False
babies,pantry,4,-0.3748,0.02044,0.51938,False
babies,personal care,1,-0.0763,0.6352,0.92289,False
babies,personal care,2,0.3062,0.05464,0.66194,False
babies,personal care,3,-0.0187,0.91001,0.98023,False
babies,personal care,4,-0.3621,0.02547,0.53642,False
babies,pets,1,-0.0057,0.9716,0.9985,False
babies,pets,2,0.0742,0.64923,0.92289,False
babies,pets,3,-0.1477,0.36952,0.87292,False
babies,pets,4,0.1646,0.3234,0.85739,False
babies,produce,1,-0.2468,0.11982,0.72851,False
babies,produce,2,-0.0428,0.79317,0.95953,False
babies,produce,3,0.0043,0.97906,0.9985,False
babies,produce,4,0.3008,0.06654,0.66922,False
babies,snacks,1,0.3516,0.02417,0.52614,False
babies,snacks,2,-0.1509,0.35262,0.87002,False
babies,snacks,3,-0.3132,0.05217,0.66194,False
babies,snacks,4,0.1036,0.53602,0.90305,False
bakery,alcohol,1,0.1458,0.36298,0.87268,False
bakery,alcohol,2,0.1452,0.37135,0.87292,False
bakery,alcohol,3,-0.1627,0.32245,0.85739,False
bakery,alcohol,4,0.062,0.71148,0.93835,False
bakery,babies,1,-0.2651,0.0939,0.69593,False
bakery,babies,2,0.1184,0.46693,0.89904,False
bakery,babies,3,0.1368,0.40619,0.88458,False
bakery,babies,4,0.0848,0.6127,0.92061,False
bakery,beverages,1,-0.257,0.10478,0.70015,False
bakery,beverages,2,-0.0447,0.78395,0.95953,False
bakery,beverages,3,0.2838,0.07996,0.69593,False
bakery,beverages,4,-0.2026,0.22256,0.77471,False
bakery,breakfast,1,-0.116,0.47,0.89904,False
bakery,breakfast,2,0.2354,0.14364,0.74424,False
bakery,breakfast,3,-0.2247,0.16914,0.74424,False
bakery,breakfast,4,0.0494,0.76824,0.95541,False
bakery,bulk,1,-0.0759,0.63725,0.92289,False
bakery,bulk,2,0.0499,0.7596,0.95509,False
bakery,bulk,3,0.362,0.02353,0.52614,False
bakery,bulk,4,-0.5642,0.00022,0.15048,False
bakery,canned goods,1,-0.2035,0.20201,0.76514,False
bakery,canned goods,2,0.1661,0.30554,0.8529,False
bakery,canned goods,3,-0.0719,0.66377,0.92289,False
bakery,canned goods,4,-0.2268,0.17096,0.74424,False
bakery,dairy eggs,1,-0.1066,0.50691,0.89904,False
bakery,dairy eggs,2,-0.034,0.83524,0.9735,False
bakery,dairy eggs,3,0.0366,0.82477,0.97187,False
bakery,dairy eggs,4,-0.1184,0.47901,0.89904,False
bakery,deli,1,0.255,0.10765,0.70371,False
bakery,deli,2,0.0435,0.78992,0.95953,False
bakery,deli,3,-0.3725,0.01954,0.51938,False
bakery,deli,4,0.4772,0.00245,0.42921,False
bakery,dry goods pasta,1,0.0334,0.83588,0.9735,False
bakery,dry goods pasta,2,0.1575,0.33163,0.86692,False
bakery,dry goods pasta,3,-0.3274,0.04188,0.64767,False
bakery,dry goods pasta,4,0.2337,0.15786,0.74424,False
bakery,frozen,1,0.3462,0.02659,0.54205,False
bakery,frozen,2,-0.118,0.46852,0.89904,False
bakery,frozen,3,-0.1723,0.29431,0.8529,False
bakery,frozen,4,0.243,0.14152,0.74424,False
bakery,household,1,-0.0582,0.71799,0.94262,False
bakery,household,2,0.2562,0.1106,0.70372,False
bakery,household,3,-0.1368,0.40625,0.88458,False
bakery,household,4,-0.1259,0.45116,0.89461,False
bakery,international,1,0.0631,0.69513,0.93205,False
bakery,international,2,-0.074,0.64997,0.92289,False
bakery,international,3,-0.0559,0.73558,0.95103,False
bakery,international,4,0.1007,0.5475,0.9071,False
bakery,meat seafood,1,-0.1714,0.28406,0.85205,False
bakery,meat seafood,2,-0.1707,0.29224,0.8529,False
bakery,meat seafood,3,0.0825,0.61765,0.92087,False
bakery,meat seafood,4,0.0915,0.58496,0.91785,False
bakery,pantry,1,0.0428,0.79068,0.95953,False
bakery,pantry,2,0.1397,0.38977,0.87303,False
bakery,pantry,3,-0.0637,0.69985,0.93205,False
bakery,pantry,4,-0.1174,0.48253,0.89904,False
bakery,personal care,1,0.2321,0.1442,0.74424,False
bakery,personal care,2,0.0794,0.62615,0.92289,False
bakery,personal care,3,-0.2829,0.08101,0.69593,False
bakery,personal care,4,0.0407,0.80853,0.96454,False
bakery,pets,1,0.1059,0.50998,0.89904,False
bakery,pets,2,0.1021,0.53076,0.90305,False
bakery,pets,3,-0.1575,0.33818,0.86692,False
bakery,pets,4,0.2317,0.16159,0.74424,False
bakery,produce,1,0.0464,0.77336,0.95767,False
bakery,produce,2,-0.0539,0.74112,0.95103,False
bakery,produce,3,0.158,0.33658,0.86692,False
bakery,produce,4,0.1083,0.51738,0.89977,False
bakery,snacks,1,0.2376,0.13464,0.74424,False
bakery,snacks,2,-0.3093,0.0521,0.66194,False
bakery,snacks,3,-0.045,0.78583,0.95953,False
bakery,snacks,4,-0.0725,0.66532,0.92289,False
beverages,alcohol,1,0.0481,0.76538,0.95541,False
beverages,alcohol,2,0.2682,0.09427,0.69593,False
beverages,alcohol,3,-0.1587,0.33468,0.86692,False
beverages,alcohol,4,-0.0236,0.88802,0.97585,False
beverages,babies,1,-0.1773,0.26745,0.83153,False
beverages,babies,2,0.0175,0.91471,0.98335,False
beverages,babies,3,-0.0134,0.93565,0.98881,False
beverages,babies,4,0.309,0.05904,0.66194,False
beverages,bakery,1,-0.2948,0.06135,0.66194,False
beverages,bakery,2,-0.0326,0.84194,0.9735,False
beverages,bakery,3,0.0949,0.56551,0.91436,False
beverages,bakery,4,0.016,0.92415,0.98619,False
beverages,breakfast,1,-0.1936,0.22513,0.77882,False
beverages,breakfast,2,-0.0701,0.66716,0.92289,False
beverages,breakfast,3,0.0456,0.78286,0.95953,False
beverages,breakfast,4,0.0719,0.66773,0.92289,False
beverages,bulk,1,-0.2245,0.15821,0.74424,False
beverages,bulk,2,0.0317,0.84622,0.9735,False
beverages,bulk,3,0.2491,0.12627,0.72885,False
beverages,bulk,4,-0.0313,0.852,0.9735,False
beverages,canned goods,1,-0.0148,0.92696,0.98727,False
beverages,canned goods,2,0.2247,0.16337,0.74424,False
beverages,canned goods,3,-0.0069,0.96697,0.99685,False
beverages,canned goods,4,-0.2736,0.09651,0.69593,False
beverages,dairy eggs,1,-0.0531,0.74151,0.95103,False
beverages,dairy eggs,2,-0.0191,0.90708,0.97939,False
beverages,dairy eggs,3,0.176,0.28371,0.85205,False
beverages,dairy eggs,4,0.1754,0.29219,0.8529,False
beverages,deli,1,0.198,0.21466,0.77471,False
beverages,deli,2,0.0101,0.95074,0.99359,False
beverages,deli,3,-0.1099,0.5054,0.89904,False
beverages,deli,4,0.379,0.01894,0.51938,False
beverages,dry goods pasta,1,0.1015,0.52762,0.90305,False
beverages,dry goods pasta,2,-0.0155,0.92419,0.98619,False
beverages,dry goods pasta,3,-0.1633,0.32043,0.85589,False
beverages,dry goods pasta,4,-0.1132,0.49846,0.89904,False
beverages,frozen,1,0.1525,0.34119,0.86692,False
beverages,frozen,2,-0.1982,0.22009,0.77471,False
beverages,frozen,3,0.1165,0.48018,0.89904,False
beverages,frozen,4,-0.0416,0.80425,0.96427,False
beverages,household,1,-0.039,0.80872,0.96454,False
beverages,household,2,0.1712,0.29075,0.8529,False
beverages,household,3,-0.2558,0.11598,0.72118,False
beverages,household,4,-0.1522,0.36163,0.87263,False
beverages,international,1,-0.0281,0.86154,0.9735,False
beverages,international,2,0.2549,0.11236,0.70833,False
beverages,international,3,-0.1024,0.53516,0.90305,False
beverages,international,4,-0.3305,0.04273,0.64767,False
beverages,meat seafood,1,-0.0211,0.89569,0.9779,False
beverages,meat seafood,2,-0.0905,0.57875,0.91785,False
beverages,meat seafood,3,0.054,0.74401,0.95103,False
beverages,meat seafood,4,0.2031,0.22136,0.77471,False
beverages,pantry,1,0.3056,0.05197,0.66194,False
beverages,pantry,2,0.001,0.99501,0.99854,False
beverages,pantry,3,-0.22,0.17834,0.74976,False
beverages,pantry,4,-0.2765,0.09281,0.69593,False
beverages,personal care,1,0.0609,0.70543,0.93525,False
beverages,personal care,2,-0.0427,0.79358,0.95953,False
beverages,personal care,3,-0.1729,0.29261,0.8529,False
beverages,personal care,4,-0.005,0.97614,0.9985,False
beverages,pets,1,0.2544,0.10854,0.70371,False
beverages,pets,2,-0.0703,0.66651,0.92289,False
beverages,pets,3,0.0151,0.92737,0.98727,False
beverages,pets,4,-0.0101,0.95216,0.99427,False
beverages,produce,1,-0.1306,0.41561,0.88458,False
beverages,produce,2,0.2658,0.09736,0.69593,False
beverages,produce,3,0.0417,0.80121,0.96314,False
beverages,produce,4,0.0107,0.94931,0.99286,False
beverages,snacks,1,0.0652,0.68555,0.92913,False
beverages,snacks,2,-0.5011,0.00099,0.33858,False
beverages,snacks,3,0.2267,0.1652,0.74424,False
beverages,snacks,4,0.0707,0.67331,0.92289,False
breakfast,alcohol,1,-0.0813,0.61319,0.92061,False
breakfast,alcohol,2,0.3758,0.01686,0.51938,False
breakfast,alcohol,3,-0.2176,0.18318,0.74976,False
breakfast,alcohol,4,0.1585,0.34177,0.86692,False
breakfast,babies,1,-0.186,0.24423,0.80314,False
breakfast,babies,2,0.1132,0.48675,0.89904,False
breakfast,babies,3,0.1444,0.38055,0.87292,False
breakfast,babies,4,-0.069,0.68077,0.92758,False
breakfast,bakery,1,0.1622,0.31111,0.8529,False
breakfast,bakery,2,0.0089,0.95651,0.99434,False
breakfast,bakery,3,0.1154,0.48407,0.89904,False
breakfast,bakery,4,-0.1003,0.54888,0.9071,False
breakfast,beverages,1,0.0905,0.57378,0.91785,False
breakfast,beverages,2,-0.0303,0.85289,0.9735,False
breakfast,beverages,3,-0.0827,0.61692,0.92087,False
breakfast,beverages,4,0.0545,0.74522,0.95103,False
breakfast,bulk,1,0.1532,0.33887,0.86692,False
breakfast,bulk,2,-0.2977,0.06213,0.66194,False
breakfast,bulk,3,0.1259,0.44518,0.89461,False
breakfast,bulk,4,0.1603,0.33626,0.86692,False
breakfast,canned goods,1,0.0539,0.73776,0.95103,False
breakfast,canned goods,2,-0.3646,0.02071,0.51938,False
breakfast,canned goods,3,0.0428,0.79567,0.95986,False
breakfast,canned goods,4,-0.0963,0.56534,0.91436,False
breakfast,dairy eggs,1,0.212,0.18329,0.74976,False
breakfast,dairy eggs,2,0.0271,0.86832,0.9743,False
breakfast,dairy eggs,3,0.0834,0.61388,0.92061,False
breakfast,dairy eggs,4,0.0782,0.64065,0.92289,False
breakfast,deli,1,-0.1217,0.44859,0.89461,False
breakfast,deli,2,0.0529,0.74572,0.95103,False
breakfast,deli,3,-0.0766,0.64303,0.92289,False
breakfast,deli,4,0.1601,0.33685,0.86692,False
breakfast,dry goods pasta,1,-0.405,0.00861,0.51938,False
breakfast,dry goods pasta,2,0.1351,0.40601,0.88458,False
breakfast,dry goods pasta,3,-0.0291,0.86059,0.9735,False
breakfast,dry goods pasta,4,0.011,0.94784,0.99286,False
breakfast,frozen,1,0.0295,0.85449,0.9735,False
breakfast,frozen,2,0.0088,0.95723,0.99434,False
breakfast,frozen,3,-0.1437,0.3828,0.87292,False
breakfast,frozen,4,0.036,0.82995,0.9735,False
breakfast,household,1,0.0442,0.7839,0.95953,False
breakfast,household,2,-0.2021,0.21101,0.77372,False
breakfast,household,3,0.1367,0.40665,0.88458,False
breakfast,household,4,-0.2724,0.09806,0.69593,False
breakfast,international,1,-0.2618,0.09823,0.69593,False
breakfast,international,2,0.0752,0.64482,0.92289,False
breakfast,international,3,0.202,0.21746,0.77471,False
breakfast,international,4,-0.3993,0.01302,0.51938,False
breakfast,meat seafood,1,0.3656,0.01875,0.51938,False
breakfast,meat seafood,2,-0.234,0.14615,0.74424,False
breakfast,meat seafood,3,-0.1158,0.48286,0.89904,False
breakfast,meat seafood,4,-0.014,0.9333,0.98881,False
breakfast,pantry,1,0.2432,0.1254,0.72852,False
breakfast,pantry,2,-0.0912,0.57584,0.91785,False
breakfast,pantry,3,-0.0591,0.72069,0.94341,False
breakfast,pantry,4,-0.2732,0.097,0.69593,False
breakfast,personal care,1,0.0202,0.90013,0.9781,False
breakfast,personal care,2,0.0379,0.8163,0.96752,False
breakfast,personal care,3,-0.051,0.75764,0.95446,False
breakfast,personal care,4,-0.2188,0.18686,0.74976,False
breakfast,pets,1,-0.1067,0.50689,0.89904,False
breakfast,pets,2,-0.0244,0.88098,0.97542,False
breakfast,pets,3,0.2596,0.1105,0.70372,False
breakfast,pets,4,-0.1574,0.34536,0.86692,False
breakfast,produce,1,-0.1179,0.46289,0.89904,False
breakfast,produce,2,0.0363,0.82415,0.97187,False
breakfast,produce,3,0.0902,0.58491,0.91785,False
breakfast,produce,4,0.1647,0.32309,0.85739,False
breakfast,snacks,1,-0.0481,0.76521,0.95541,False
breakfast,snacks,2,-0.02,0.90231,0.9781,False
breakfast,snacks,3,-0.1129,0.49363,0.89904,False
breakfast,snacks,4,0.1105,0.50889,0.89904,False
bulk,alcohol,1,0.1613,0.31379,0.85349,False
bulk,alcohol,2,-0.3641,0.02092,0.51938,False
bulk,alcohol,3,0.3645,0.02254,0.51938,False
bulk,alcohol,4,-0.3109,0.05747,0.66194,False
bulk,babies,1,0.0068,0.96653,0.99685,False
bulk,babies,2,-0.1025,0.52931,0.90305,False
bulk,babies,3,0.0123,0.9406,0.99133,False
bulk,babies,4,0.1252,0.45376,0.89461,False
bulk,bakery,1,0.2675,0.09081,0.69593,False
bulk,bakery,2,-0.2925,0.06702,0.66922,False
bulk,bakery,3,-0.0235,0.88694,0.97585,False
bulk,bakery,4,0.3016,0.06578,0.66922,False
bulk,beverages,1,0.3868,0.01248,0.51938,False
bulk,beverages,2,-0.1652,0.30842,0.8529,False
bulk,beverages,3,-0.0894,0.58835,0.91785,False
bulk,beverages,4,0.1007,0.54758,0.9071,False
bulk,breakfast,1,0.2988,0.05776,0.66194,False
bulk,breakfast,2,-0.2884,0.07113,0.67694,False
bulk,breakfast,3,0.017,0.91838,0.9846,False
bulk,breakfast,4,-0.0034,0.98369,0.99854,False
bulk,canned goods,1,-0.2295,0.14891,0.74424,False
bulk,canned goods,2,0.274,0.08705,0.69593,False
bulk,canned goods,3,-0.1313,0.42544,0.88585,False
bulk,canned goods,4,0.2165,0.19162,0.74976,False
bulk,dairy eggs,1,-0.1152,0.47329,0.89904,False
bulk,dairy eggs,2,-0.1583,0.32922,0.86692,False
bulk,dairy eggs,3,0.1301,0.43003,0.88716,False
bulk,dairy eggs,4,0.1567,0.34745,0.86692,False
bulk,deli,1,-0.0231,0.8862,0.97585,False
bulk,deli,2,0.1536,0.34413,0.86692,False
bulk,deli,3,0.0024,0.98841,0.99854,False
bulk,deli,4,-0.2072,0.21201,0.77372,False
bulk,dry goods pasta,1,0.1352,0.39934,0.88238,False
bulk,dry goods pasta,2,-0.1143,0.48238,0.89904,False
bulk,dry goods pasta,3,0.2204,0.17762,0.74976,False
bulk,dry goods pasta,4,-0.2268,0.17083,0.74424,False
bulk,frozen,1,-0.0882,0.58338,0.91785,False
bulk,frozen,2,0.3023,0.05796,0.66194,False
bulk,frozen,3,-0.2219,0.17462,0.74884,False
bulk,frozen,4,-0.0791,0.63683,0.92289,False
bulk,household,1,0.0133,0.93422,0.98881,False
bulk,household,2,0.0047,0.97717,0.9985,False
bulk,household,3,-0.1246,0.4499,0.89461,False
bulk,household,4,0.1731,0.29855,0.8529,False
bulk,international,1,-0.2595,0.10139,0.69864,False
bulk,international,2,0.2994,0.06058,0.66194,False
bulk,international,3,0.0356,0.82959,0.9735,False
bulk,international,4,-0.0607,0.71712,0.94238,False
bulk,meat seafood,1,0.2734,0.08375,0.69593,False
bulk,meat seafood,2,-0.043,0.79232,0.95953,False
bulk,meat seafood,3,-0.0644,0.69698,0.93205,False
bulk,meat seafood,4,0.0882,0.59853,0.91792,False
bulk,pantry,1,-0.2647,0.09443,0.69593,False
bulk,pantry,2,0.3473,0.02812,0.54955,False
bulk,pantry,3,-0.0838,0.61214,0.92061,False
bulk,pantry,4,0.019,0.9098,0.98023,False
bulk,personal care,1,0.0566,0.72519,0.94498,False
bulk,personal care,2,0.2322,0.14943,0.74424,False
bulk,personal care,3,-0.2585,0.11208,0.70833,False
bulk,personal care,4,0.0886,0.59681,0.91785,False
bulk,pets,1,0.1525,0.34111,0.86692,False
bulk,pets,2,-0.1785,0.27059,0.83599,False
bulk,pets,3,0.0497,0.76364,0.95541,False
bulk,pets,4,0.0338,0.84026,0.9735,False
bulk,produce,1,-0.203,0.203,0.76514,False
bulk,produce,2,0.0051,0.97497,0.9985,False
bulk,produce,3,0.075,0.65011,0.92289,False
bulk,produce,4,-0.2349,0.15573,0.74424,False
bulk,snacks,1,0.2083,0.1912,0.74976,False
bulk,snacks,2,-0.1668,0.30369,0.8529,False
bulk,snacks,3,0.0238,0.88566,0.97585,False
bulk,snacks,4,0.0452,0.78753,0.95953,False
canned goods,alcohol,1,0.0225,0.88914,0.97585,False
canned goods,alcohol,2,-0.2272,0.15857,0.74424,False
canned goods,alcohol,3,0.229,0.16081,0.74424,False
canned goods,alcohol,4,-0.1255,0.45273,0.89461,False
canned goods,babies,1,0.163,0.30846,0.8529,False
canned goods,babies,2,-0.1375,0.39736,0.88102,False
canned goods,babies,3,-0.0756,0.64728,0.92289,False
canned goods,babies,4,-0.1884,0.25728,0.81284,False
canned goods,bakery,1,-0.0684,0.67093,0.92289,False
canned goods,bakery,2,0.1776,0.27288,0.837,False
canned goods,bakery,3,0.1004,0.54319,0.9071,False
canned goods,bakery,4,-0.0645,0.70046,0.93205,False
canned goods,beverages,1,-0.1273,0.42782,0.88716,False
canned goods,beverages,2,0.0683,0.67543,0.92289,False
canned goods,beverages,3,0.2112,0.19681,0.75416,False
canned goods,beverages,4,-0.1066,0.52413,0.9013,False
canned goods,breakfast,1,0.0418,0.79512,0.95986,False
canned goods,breakfast,2,0.2749,0.08598,0.69593,False
canned goods,breakfast,3,-0.1816,0.26861,0.83324,False
canned goods,breakfast,4,0.1997,0.22934,0.77882,False
canned goods,bulk,1,0.0742,0.64469,0.92289,False
canned goods,bulk,2,-0.0206,0.89976,0.9781,False
canned goods,bulk,3,-0.0797,0.62945,0.92289,False
canned goods,bulk,4,-0.1262,0.45019,0.89461,False
canned goods,dairy eggs,1,-0.0945,0.55693,0.91243,False
canned goods,dairy eggs,2,-0.1427,0.37965,0.87292,False
canned goods,dairy eggs,3,0.3097,0.05503,0.66194,False
canned goods,dairy eggs,4,-0.4072,0.01117,0.51938,False
canned goods,deli,1,-0.105,0.51347,0.89977,False
canned goods,deli,2,0.0533,0.74391,0.95103,False
canned goods,deli,3,-0.241,0.13937,0.74424,False
canned goods,deli,4,-0.1549,0.35316,0.87002,False
canned goods,dry goods pasta,1,-0.0298,0.85351,0.9735,False
canned goods,dry goods pasta,2,0.1657,0.30688,0.8529,False
canned goods,dry goods pasta,3,-0.071,0.6677,0.92289,False
canned goods,dry goods pasta,4,0.1966,0.2368,0.78891,False
canned goods,frozen,1,-0.1675,0.2952,0.8529,False
canned goods,frozen,2,0.2532,0.11488,0.71761,False
canned goods,frozen,3,-0.2913,0.07202,0.67694,False
canned goods,frozen,4,0.0897,0.59226,0.91785,False
canned goods,household,1,-0.2221,0.16286,0.74424,False
canned goods,household,2,0.3232,0.0419,0.64767,False
canned goods,household,3,-0.2596,0.1105,0.70372,False
canned goods,household,4,0.3925,0.01478,0.51938,False
canned goods,international,1,0.1792,0.26219,0.81889,False
canned goods,international,2,-0.1934,0.23171,0.77882,False
canned goods,international,3,0.0044,0.97896,0.9985,False
canned goods,international,4,0.2211,0.18219,0.74976,False
canned goods,meat seafood,1,0.1305,0.41597,0.88458,False
canned goods,meat seafood,2,0.0987,0.54458,0.9071,False
canned goods,meat seafood,3,0.0219,0.89475,0.97765,False
canned goods,meat seafood,4,-0.3178,0.05188,0.66194,False
canned goods,pantry,1,-0.0274,0.86506,0.9735,False
canned goods,pantry,2,0.0267,0.86986,0.9743,False
canned goods,pantry,3,0.1434,0.3838,0.87292,False
canned goods,pantry,4,0.2837,0.08429,0.69593,False
canned goods,personal care,1,-0.246,0.1211,0.72852,False
canned goods,personal care,2,0.2612,0.10348,0.70015,False
canned goods,personal care,3,-0.1107,0.50222,0.89904,False
canned goods,personal care,4,0.3737,0.02081,0.51938,False
canned goods,pets,1,-0.2099,0.1877,0.74976,False
canned goods,pets,2,0.2078,0.19828,0.75767,False
canned goods,pets,3,-0.1707,0.29887,0.8529,False
canned goods,pets,4,-0.016,0.92399,0.98619,False
canned goods,produce,1,0.3113,0.04761,0.66194,False
canned goods,produce,2,-0.4046,0.0096,0.51938,False
canned goods,produce,3,0.0732,0.65789,0.92289,False
canned goods,produce,4,-0.2406,0.1457,0.74424,False
canned goods,snacks,1,0.1344,0.40208,0.88439,False
canned goods,snacks,2,0.2208,0.17105,0.74424,False
canned goods,snacks,3,0.0095,0.95422,0.99427,False
canned goods,snacks,4,0.0619,0.71215,0.93835,False
dairy eggs,alcohol,1,0.1369,0.39324,0.87757,False
dairy eggs,alcohol,2,0.1252,0.44158,0.89461,False
dairy eggs,alcohol,3,-0.0123,0.94057,0.99133,False
dairy eggs,alcohol,4,-0.0566,0.73568,0.95103,False
dairy eggs,babies,1,-0.1292,0.42084,0.88458,False
dairy eggs,babies,2,-0.0321,0.84399,0.9735,False
dairy eggs,babies,3,0.0531,0.74803,0.95103,False
dairy eggs,babies,4,0.2653,0.10745,0.70371,False
dairy eggs,bakery,1,0.1295,0.41964,0.88458,False
dairy eggs,bakery,2,-0.3521,0.02588,0.53642,False
dairy eggs,bakery,3,-0.0316,0.8484,0.9735,False
dairy eggs,bakery,4,0.2001,0.22848,0.77882,False
dairy eggs,beverages,1,0.1538,0.33707,0.86692,False
dairy eggs,beverages,2,-0.1486,0.36022,0.87218,False
dairy eggs,beverages,3,-0.1475,0.37008,0.87292,False
dairy eggs,beverages,4,0.2694,0.10195,0.69864,False
dairy eggs,breakfast,1,0.1833,0.25119,0.80921,False
dairy eggs,breakfast,2,-0.2,0.21604,0.77471,False
dairy eggs,breakfast,3,-0.0645,0.69624,0.93205,False
dairy eggs,breakfast,4,-0.1123,0.50192,0.89904,False
dairy eggs,bulk,1,-0.0748,0.64193,0.92289,False
dairy eggs,bulk,2,0.1415,0.38379,0.87292,False
dairy eggs,bulk,3,0.0988,0.54942,0.9071,False
dairy eggs,bulk,4,-0.0481,0.77407,0.95767,False
dairy eggs,canned goods,1,-0.1301,0.41747,0.88458,False
dairy eggs,canned goods,2,0.1648,0.30963,0.8529,False
dairy eggs,canned goods,3,0.1873,0.2535,0.80921,False
dairy eggs,canned goods,4,-0.2538,0.12411,0.72852,False
dairy eggs,deli,1,0.1313,0.41338,0.88458,False
dairy eggs,deli,2,0.0848,0.60281,0.92061,False
dairy eggs,deli,3,0.1409,0.39233,0.87697,False
dairy eggs,deli,4,-0.05,0.7656,0.95541,False
dairy eggs,dry goods pasta,1,0.2817,0.0744,0.67694,False
dairy eggs,dry goods pasta,2,-0.2217,0.16916,0.74424,False
dairy eggs,dry goods pasta,3,-0.0795,0.63047,0.92289,False
dairy eggs,dry goods pasta,4,-0.2743,0.09561,0.69593,False
dairy eggs,frozen,1,-0.1081,0.5011,0.89904,False
dairy eggs,frozen,2,-0.0191,0.90702,0.97939,False
dairy eggs,frozen,3,0.1133,0.49212,0.89904,False
dairy eggs,frozen,4,-0.3239,0.04726,0.66194,False
dairy eggs,household,1,0.1606,0.3159,0.85349,False
dairy eggs,household,2,0.1575,0.33174,0.86692,False
dairy eggs,household,3,-0.2041,0.21266,0.77372,False
dairy eggs,household,4,-0.1126,0.50106,0.89904,False
dairy eggs,international,1,-0.135,0.39991,0.88238,False
dairy eggs,international,2,-0.0475,0.77089,0.95767,False
dairy eggs,international,3,-0.0191,0.90805,0.97966,False
dairy eggs,international,4,0.1037,0.53536,0.90305,False
dairy eggs,meat seafood,1,-0.2309,0.14629,0.74424,False
dairy eggs,meat seafood,2,0.0743,0.64873,0.92289,False
dairy eggs,meat seafood,3,0.269,0.09776,0.69593,False
dairy eggs,meat seafood,4,0.1103,0.50969,0.89904,False
dairy eggs,pantry,1,-0.2687,0.08932,0.69593,False
dairy eggs,pantry,2,0.0991,0.54285,0.9071,False
dairy eggs,pantry,3,-0.1487,0.36641,0.87292,False
dairy eggs,pantry,4,-0.0873,0.60236,0.92061,False
dairy eggs,personal care,1,0.0371,0.81774,0.96752,False
dairy eggs,personal care,2,0.0806,0.62106,0.92289,False
dairy eggs,personal care,3,-0.2267,0.16517,0.74424,False
dairy eggs,personal care,4,-0.0329,0.84437,0.9735,False
dairy eggs,pets,1,-0.0238,0.8827,0.97542,False
dairy eggs,pets,2,0.1385,0.39395,0.87773,False
dairy eggs,pets,3,-0.125,0.44816,0.89461,False
dairy eggs,pets,4,-0.0514,0.75934,0.95509,False
dairy eggs,produce,1,-0.2178,0.17137,0.74424,False
dairy eggs,produce,2,0.1738,0.28354,0.85205,False
dairy eggs,produce,3,0.0079,0.96201,0.99548,False
dairy eggs,produce,4,0.1441,0.38815,0.87303,False
dairy eggs,snacks,1,0.2462,0.12068,0.72852,False
dairy eggs,snacks,2,-0.3684,0.01934,0.51938,False
dairy eggs,snacks,3,-0.1535,0.35082,0.87002,False
dairy eggs,snacks,4,-0.0885,0.59707,0.91785,False
deli,alcohol,1,-0.1446,0.36711,0.87292,False
deli,alcohol,2,0.2347,0.14488,0.74424,False
deli,alcohol,3,-0.1548,0.34665,0.86692,False
deli,alcohol,4,0.162,0.33125,0.86692,False
deli,babies,1,-0.1284,0.42378,0.8848,False
deli,babies,2,0.2202,0.17219,0.74543,False
deli,babies,3,-0.0623,0.70622,0.93525,False
deli,babies,4,-0.255,0.12238,0.72852,False
deli,bakery,1,0.2364,0.13681,0.74424,False
deli,bakery,2,-0.1534,0.34453,0.86692,False
deli,bakery,3,0.2153,0.18812,0.74976,False
deli,bakery,4,-0.2005,0.22746,0.77882,False
deli,beverages,1,0.2407,0.1296,0.73405,False
deli,beverages,2,0.0869,0.59384,0.91785,False
deli,beverages,3,0.1656,0.31376,0.85349,False
deli,beverages,4,-0.3161,0.05318,0.66194,False
deli,breakfast,1,-0.2822,0.07387,0.67694,False
deli,breakfast,2,0.1101,0.49865,0.89904,False
deli,breakfast,3,0.07,0.67181,0.92289,False
deli,breakfast,4,-0.2942,0.07302,0.67694,False
deli,bulk,1,0.0707,0.66032,0.92289,False
deli,bulk,2,0.0565,0.72909,0.94882,False
deli,bulk,3,-0.2807,0.08351,0.69593,False
deli,bulk,4,0.2347,0.1561,0.74424,False
deli,canned goods,1,0.2196,0.16777,0.74424,False
deli,canned goods,2,-0.4128,0.00811,0.51938,False
deli,canned goods,3,0.1767,0.28178,0.85205,False
deli,canned goods,4,0.176,0.29039,0.8529,False
deli,dairy eggs,1,0.2667,0.09183,0.69593,False
deli,dairy eggs,2,0.0325,0.84208,0.9735,False
deli,dairy eggs,3,0.1118,0.49806,0.89904,False
deli,dairy eggs,4,-0.1037,0.5356,0.90305,False
deli,dry goods pasta,1,-0.4062,0.00842,0.51938,False
deli,dry goods pasta,2,0.1467,0.36628,0.87292,False
deli,dry goods pasta,3,-0.0733,0.65742,0.92289,False
deli,dry goods pasta,4,0.0308,0.85438,0.9735,False
deli,frozen,1,0.0421,0.794,0.95953,False
deli,frozen,2,-0.0296,0.85614,0.9735,False
deli,frozen,3,-0.3807,0.01679,0.51938,False
deli,frozen,4,0.2434,0.14083,0.74424,False
deli,household,1,0.1591,0.32047,0.85589,False
deli,household,2,-0.2603,0.10476,0.70015,False
deli,household,3,0.1419,0.38897,0.87303,False
deli,household,4,-0.1468,0.37923,0.87292,False
deli,international,1,0.0344,0.83088,0.9735,False
deli,international,2,0.0816,0.61665,0.92087,False
deli,international,3,-0.111,0.5013,0.89904,False
deli,international,4,0.0854,0.61024,0.92061,False
deli,meat seafood,1,0.1327,0.40824,0.88458,False
deli,meat seafood,2,-0.1648,0.30958,0.8529,False
deli,meat seafood,3,-0.0883,0.59317,0.91785,False
deli,meat seafood,4,0.046,0.78368,0.95953,False
deli,pantry,1,0.1117,0.4867,0.89904,False
deli,pantry,2,-0.0064,0.96897,0.9974,False
deli,pantry,3,0.0335,0.83965,0.9735,False
deli,pantry,4,0.0756,0.65205,0.92289,False
deli,personal care,1,0.1636,0.30673,0.8529,False
deli,personal care,2,-0.0396,0.80854,0.96454,False
deli,personal care,3,0.0911,0.58127,0.91785,False
deli,personal care,4,-0.2552,0.12202,0.72852,False
deli,pets,1,-0.3718,0.01668,0.51938,False
deli,pets,2,0.1377,0.39676,0.88102,False
deli,pets,3,0.3464,0.03077,0.56994,False
deli,pets,4,-0.4446,0.00517,0.51938,False
deli,produce,1,-0.0816,0.61219,0.92061,False
deli,produce,2,-0.2446,0.12819,0.73405,False
deli,produce,3,0.0979,0.5532,0.90741,False
deli,produce,4,0.152,0.36232,0.87263,False
deli,snacks,1,-0.2154,0.1763,0.74976,False
deli,snacks,2,0.3653,0.02046,0.51938,False
deli,snacks,3,-0.2941,0.06921,0.67694,False
deli,snacks,4,0.107,0.52251,0.9013,False
dry goods pasta,alcohol,1,-0.3446,0.02734,0.54205,False
dry goods pasta,alcohol,2,0.2469,0.12462,0.72852,False
dry goods pasta,alcohol,3,-0.2998,0.06374,0.66922,False
dry goods pasta,alcohol,4,0.1769,0.28805,0.8529,False
dry goods pasta,babies,1,-0.0502,0.75547,0.95428,False
dry goods pasta,babies,2,-0.0537,0.74195,0.95103,False
dry goods pasta,babies,3,0.1768,0.28169,0.85205,False
dry goods pasta,babies,4,-0.3464,0.03313,0.5886,False
dry goods pasta,bakery,1,0.0023,0.98845,0.99854,False
dry goods pasta,bakery,2,-0.127,0.43487,0.88761,False
dry goods pasta,bakery,3,0.2943,0.06896,0.67694,False
dry goods pasta,bakery,4,-0.0812,0.62804,0.92289,False
dry goods pasta,beverages,1,-0.1409,0.37956,0.87292,False
dry goods pasta,beverages,2,-0.1927,0.2335,0.78291,False
dry goods pasta,beverages,3,0.3571,0.02563,0.53642,False
dry goods pasta,beverages,4,-0.1994,0.2301,0.77882,False
dry goods pasta,breakfast,1,-0.3559,0.0224,0.51938,False
dry goods pasta,breakfast,2,0.2973,0.06242,0.66194,False
dry goods pasta,breakfast,3,0.1055,0.52273,0.9013,False
dry goods pasta,breakfast,4,-0.1301,0.43634,0.88761,False
dry goods pasta,bulk,1,0.0861,0.59253,0.91785,False
dry goods pasta,bulk,2,-0.0014,0.99329,0.99854,False
dry goods pasta,bulk,3,0.0076,0.96327,0.99603,False
dry goods pasta,bulk,4,-0.0477,0.77595,0.95803,False
dry goods pasta,canned goods,1,0.3394,0.02995,0.56994,False
dry goods pasta,canned goods,2,-0.0738,0.65093,0.92289,False
dry goods pasta,canned goods,3,-0.0783,0.63577,0.92289,False
dry goods pasta,canned goods,4,-0.0151,0.92853,0.98774,False
dry goods pasta,dairy eggs,1,-0.0018,0.99124,0.99854,False
dry goods pasta,dairy eggs,2,-0.2217,0.16923,0.74424,False
dry goods pasta,dairy eggs,3,0.0995,0.54681,0.9071,False
dry goods pasta,dairy eggs,4,-0.2285,0.16762,0.74424,False
dry goods pasta,deli,1,-0.3632,0.01961,0.51938,False
dry goods pasta,deli,2,0.1825,0.25974,0.81872,False
dry goods pasta,deli,3,-0.2675,0.09973,0.69607,False
dry goods pasta,deli,4,0.1078,0.5194,0.90056,False
dry goods pasta,frozen,1,0.014,0.93078,0.98783,False
dry goods pasta,frozen,2,0.115,0.47977,0.89904,False
dry goods pasta,frozen,3,-0.2221,0.17421,0.74884,False
dry goods pasta,frozen,4,0.4,0.01283,0.51938,False
dry goods pasta,household,1,0.1046,0.51529,0.89977,False
dry goods pasta,household,2,-0.1937,0.2311,0.77882,False
dry goods pasta,household,3,0.2613,0.10806,0.70371,False
dry goods pasta,household,4,-0.1183,0.47927,0.89904,False
dry goods pasta,international,1,0.2357,0.13798,0.74424,False
dry goods pasta,international,2,0.0428,0.79313,0.95953,False
dry goods pasta,international,3,-0.0097,0.95335,0.99427,False
dry goods pasta,international,4,-0.1179,0.48092,0.89904,False
dry goods pasta,meat seafood,1,0.2018,0.20573,0.77034,False
dry goods pasta,meat seafood,2,-0.1146,0.48133,0.89904,False
dry goods pasta,meat seafood,3,-0.0521,0.75263,0.95245,False
dry goods pasta,meat seafood,4,-0.0009,0.99552,0.99854,False
dry goods pasta,pantry,1,0.3712,0.01687,0.51938,False
dry goods pasta,pantry,2,-0.1341,0.40951,0.88458,False
dry goods pasta,pantry,3,0.1549,0.34638,0.86692,False
dry goods pasta,pantry,4,-0.0427,0.799,0.96133,False
dry goods pasta,personal care,1,0.2081,0.19162,0.74976,False
dry goods pasta,personal care,2,-0.2102,0.19303,0.74976,False
dry goods pasta,personal care,3,0.2295,0.15988,0.74424,False
dry goods pasta,personal care,4,-0.1055,0.52839,0.90305,False
dry goods pasta,pets,1,-0.0238,0.88269,0.97542,False
dry goods pasta,pets,2,-0.0899,0.58098,0.91785,False
dry goods pasta,pets,3,0.1111,0.50061,0.89904,False
dry goods pasta,pets,4,-0.1906,0.2516,0.80921,False
dry goods pasta,produce,1,0.2261,0.15514,0.74424,False
dry goods pasta,produce,2,0.0591,0.71699,0.94238,False
dry goods pasta,produce,3,-0.0609,0.71268,0.93835,False
dry goods pasta,produce,4,-0.1451,0.38474,0.87292,False
dry goods pasta,snacks,1,-0.3858,0.01273,0.51938,False
dry goods pasta,snacks,2,0.2361,0.14245,0.74424,False
dry goods pasta,snacks,3,0.0212,0.89799,0.9781,False
dry goods pasta,snacks,4,0.321,0.0494,0.66194,False
frozen,alcohol,1,-0.02,0.90132,0.9781,False
frozen,alcohol,2,-0.3182,0.04537,0.65333,False
frozen,alcohol,3,0.1071,0.5162,0.89977,False
frozen,alcohol,4,0.0385,0.81829,0.96752,False
frozen,babies,1,0.3269,0.03697,0.63219,False
frozen,babies,2,-0.2433,0.13034,0.73405,False
frozen,babies,3,0.1172,0.47728,0.89904,False
frozen,babies,4,-0.2692,0.10214,0.69864,False
frozen,bakery,1,-0.0437,0.78619,0.95953,False
frozen,bakery,2,0.2315,0.15064,0.74424,False
frozen,bakery,3,0.0015,0.99256,0.99854,False
frozen,bakery,4,0.0245,0.88388,0.97585,False
frozen,beverages,1,-0.0788,0.62445,0.92289,False
frozen,beverages,2,0.1547,0.3404,0.86692,False
frozen,beverages,3,-0.0946,0.56688,0.91436,False
frozen,beverages,4,-0.0739,0.65914,0.92289,False
frozen,breakfast,1,0.0357,0.82446,0.97187,False
frozen,breakfast,2,0.2696,0.09245,0.69593,False
frozen,breakfast,3,-0.0254,0.8778,0.97542,False
frozen,breakfast,4,0.0731,0.66253,0.92289,False
frozen,bulk,1,-0.0652,0.68526,0.92913,False
frozen,bulk,2,-0.0324,0.84247,0.9735,False
frozen,bulk,3,-0.173,0.29211,0.8529,False
frozen,bulk,4,0.0925,0.58075,0.91785,False
frozen,canned goods,1,-0.1141,0.47732,0.89904,False
frozen,canned goods,2,0.0554,0.73408,0.95103,False
frozen,canned goods,3,-0.0747,0.65134,0.92289,False
frozen,canned goods,4,0.0752,0.65371,0.92289,False
frozen,dairy eggs,1,0.1634,0.30738,0.8529,False
frozen,dairy eggs,2,-0.1658,0.30649,0.8529,False
frozen,dairy eggs,3,0.1379,0.40238,0.88439,False
frozen,dairy eggs,4,-0.3508,0.03083,0.56994,False
frozen,deli,1,-0.2096,0.18835,0.74976,False
frozen,deli,2,-0.0648,0.69113,0.93058,False
frozen,deli,3,0.1198,0.46749,0.89904,False
frozen,deli,4,-0.0413,0.80545,0.96454,False
frozen,dry goods pasta,1,-0.1658,0.30023,0.8529,False
frozen,dry goods pasta,2,0.1974,0.22213,0.77471,False
frozen,dry goods pasta,3,0.0087,0.95799,0.99434,False
frozen,dry goods pasta,4,0.1583,0.34257,0.86692,False
frozen,household,1,-0.2322,0.14401,0.74424,False
frozen,household,2,0.0276,0.86565,0.9735,False
frozen,household,3,-0.1052,0.52375,0.9013,False
frozen,household,4,0.2798,0.0889,0.69593,False
frozen,international,1,0.2805,0.07571,0.67694,False
frozen,international,2,0.1099,0.49979,0.89904,False
frozen,international,3,-0.2116,0.19606,0.75416,False
frozen,international,4,-0.0116,0.94501,0.99249,False
frozen,meat seafood,1,0.085,0.59736,0.91785,False
frozen,meat seafood,2,-0.1766,0.27571,0.84085,False
frozen,meat seafood,3,0.0084,0.95969,0.99459,False
frozen,meat seafood,4,-0.0466,0.78096,0.95953,False
frozen,pantry,1,0.1775,0.26695,0.83153,False
frozen,pantry,2,-0.003,0.98519,0.99854,False
frozen,pantry,3,-0.0618,0.70844,0.93637,False
frozen,pantry,4,-0.027,0.87234,0.9743,False
frozen,personal care,1,-0.1022,0.52491,0.9013,False
frozen,personal care,2,0.004,0.98037,0.99854,False
frozen,personal care,3,-0.0724,0.66148,0.92289,False
frozen,personal care,4,0.104,0.53449,0.90305,False
frozen,pets,1,0.1414,0.37792,0.87292,False
frozen,pets,2,-0.0607,0.70993,0.93744,False
frozen,pets,3,0.0849,0.60735,0.92061,False
frozen,pets,4,-0.1721,0.30138,0.8529,False
frozen,produce,1,0.193,0.22672,0.77882,False
frozen,produce,2,-0.1851,0.25273,0.80921,False
frozen,produce,3,0.2624,0.10653,0.70371,False
frozen,produce,4,-0.1567,0.34751,0.86692,False
frozen,snacks,1,-0.1982,0.21424,0.77471,False
frozen,snacks,2,0.2735,0.08766,0.69593,False
frozen,snacks,3,0.0273,0.86898,0.9743,False
frozen,snacks,4,0.13,0.43667,0.88761,False
household,alcohol,1,-0.0722,0.65381,0.92289,False
household,alcohol,2,-0.2279,0.15724,0.74424,False
household,alcohol,3,-0.0477,0.77316,0.95767,False
household,alcohol,4,0.0355,0.83248,0.9735,False
household,babies,1,0.1252,0.43537,0.88761,False
household,babies,2,0.0666,0.68314,0.92913,False
household,babies,3,-0.0113,0.94533,0.99249,False
household,babies,4,-0.2189,0.18661,0.74976,False
household,bakery,1,-0.1176,0.46411,0.89904,False
household,bakery,2,0.2147,0.18336,0.74976,False
household,bakery,3,0.057,0.73034,0.94882,False
household,bakery,4,-0.116,0.48785,0.89904,False
household,beverages,1,-0.2013,0.20688,0.77034,False
household,beverages,2,-0.0769,0.63729,0.92289,False
household,beverages,3,0.2242,0.17004,0.74424,False
household,beverages,4,-0.138,0.40872,0.88458,False
household,breakfast,1,-0.3067,0.05112,0.66194,False
household,breakfast,2,0.2845,0.07525,0.67694,False
household,breakfast,3,-0.0839,0.61162,0.92061,False
household,breakfast,4,0.1274,0.44584,0.89461,False
household,bulk,1,0.0105,0.94826,0.99286,False
household,bulk,2,-0.1853,0.25234,0.80921,False
household,bulk,3,0.1167,0.47914,0.89904,False
household,bulk,4,-0.1379,0.40918,0.88458,False
household,canned goods,1,0.0041,0.97952,0.9985,False
household,canned goods,2,0.052,0.7501,0.95245,False
household,canned goods,3,-0.1293,0.43286,0.88761,False
household,canned goods,4,0.1866,0.26208,0.81889,False
household,dairy eggs,1,0.1469,0.35946,0.87188,False
household,dairy eggs,2,-0.1985,0.21939,0.77471,False
household,dairy eggs,3,0.2139,0.19108,0.74976,False
household,dairy eggs,4,-0.3908,0.01526,0.51938,False
household,deli,1,-0.2669,0.09163,0.69593,False
household,deli,2,0.1245,0.44407,0.89461,False
household,deli,3,-0.0086,0.95846,0.99434,False
household,deli,4,-0.0255,0.87925,0.97542,False
household,dry goods pasta,1,-0.2449,0.12279,0.72852,False
household,dry goods pasta,2,0.1729,0.28591,0.8529,False
household,dry goods pasta,3,0.0543,0.74262,0.95103,False
household,dry goods pasta,4,0.2383,0.14973,0.74424,False
household,frozen,1,-0.001,0.99487,0.99854,False
household,frozen,2,-0.1071,0.51074,0.89922,False
household,frozen,3,-0.0694,0.6745,0.92289,False
household,frozen,4,0.4352,0.00632,0.51938,False
household,international,1,0.199,0.21216,0.77372,False
household,international,2,0.1524,0.3477,0.86692,False
household,international,3,-0.0921,0.57717,0.91785,False
household,international,4,-0.1057,0.52757,0.90305,False
household,meat seafood,1,0.2073,0.19347,0.74976,False
household,meat seafood,2,-0.1524,0.34791,0.86692,False
household,meat seafood,3,-0.0857,0.60409,0.92061,False
household,meat seafood,4,-0.0232,0.89025,0.97585,False
household,pantry,1,0.2329,0.14287,0.74424,False
household,pantry,2,-0.1266,0.43647,0.88761,False
household,pantry,3,-0.062,0.7076,0.93617,False
household,pantry,4,0.1197,0.47423,0.89904,False
household,personal care,1,-0.1649,0.30289,0.8529,False
household,personal care,2,0.0245,0.88063,0.97542,False
household,personal care,3,-0.175,0.28663,0.8529,False
household,personal care,4,0.3285,0.04403,0.64767,False
household,pets,1,0.0813,0.61341,0.92061,False
household,pets,2,0.0007,0.99673,0.99892,False
household,pets,3,-0.1167,0.4794,0.89904,False
household,pets,4,0.0047,0.97787,0.9985,False
household,produce,1,0.2621,0.09777,0.69593,False
household,produce,2,0.1314,0.41905,0.88458,False
household,produce,3,0.0717,0.66427,0.92289,False
household,produce,4,-0.4057,0.0115,0.51938,False
household,snacks,1,-0.2295,0.14894,0.74424,False
household,snacks,2,0.0113,0.94502,0.99249,False
household,snacks,3,0.2339,0.1518,0.74424,False
household,snacks,4,0.169,0.31035,0.8529,False
international,alcohol,1,-0.1508,0.34672,0.86692,False
international,alcohol,2,0.0289,0.85936,0.9735,False
international,alcohol,3,0.0197,0.90523,0.97894,False
international,alcohol,4,0.0557,0.73962,0.95103,False
international,babies,1,-0.0276,0.86401,0.9735,False
international,babies,2,-0.157,0.33333,0.86692,False
international,babies,3,-0.1871,0.25408,0.80921,False
international,babies,4,0.1052,0.52967,0.90305,False
international,bakery,1,-0.0879,0.58455,0.91785,False
international,bakery,2,0.1573,0.33244,0.86692,False
international,bakery,3,-0.2065,0.20727,0.77034,False
international,bakery,4,0.1707,0.30545,0.8529,False
international,beverages,1,-0.1053,0.51223,0.89977,False
international,beverages,2,0.0665,0.68362,0.92913,False
international,beverages,3,0.0345,0.83506,0.9735,False
international,beverages,4,-0.0206,0.90216,0.9781,False
international,breakfast,1,0.234,0.14088,0.74424,False
international,breakfast,2,0.0306,0.85153,0.9735,False
international,breakfast,3,0.2535,0.11938,0.72851,False
international,breakfast,4,-0.005,0.97622,0.9985,False
international,bulk,1,0.1794,0.26167,0.81889,False
international,bulk,2,0.0124,0.93956,0.99133,False
international,bulk,3,-0.1736,0.2906,0.8529,False
international,bulk,4,0.1223,0.46448,0.89904,False
international,canned goods,1,0.1759,0.27133,0.83599,False
international,canned goods,2,0.133,0.41317,0.88458,False
international,canned goods,3,-0.0396,0.81106,0.96481,False
international,canned goods,4,0.0495,0.76799,0.95541,False
international,dairy eggs,1,-0.0373,0.81695,0.96752,False
international,dairy eggs,2,-0.093,0.5682,0.91436,False
international,dairy eggs,3,-0.3856,0.01535,0.51938,False
international,dairy eggs,4,0.0645,0.70063,0.93205,False
international,deli,1,0.0051,0.97482,0.9985,False
international,deli,2,-0.0018,0.99121,0.99854,False
international,deli,3,-0.0526,0.75067,0.95245,False
international,deli,4,-0.0749,0.65478,0.92289,False
international,dry goods pasta,1,0.2185,0.17001,0.74424,False
international,dry goods pasta,2,-0.0072,0.96468,0.99674,False
international,dry goods pasta,3,0.1696,0.30186,0.8529,False
international,dry goods pasta,4,-0.0674,0.6875,0.92935,False
international,frozen,1,0.0322,0.84157,0.9735,False
international,frozen,2,0.066,0.68598,0.92913,False
international,frozen,3,0.1516,0.35702,0.87002,False
international,frozen,4,-0.1336,0.42375,0.8848,False
international,household,1,-0.0526,0.74399,0.95103,False
international,household,2,0.1305,0.4223,0.8848,False
international,household,3,0.2153,0.18812,0.74976,False
international,household,4,0.09,0.59104,0.91785,False
international,meat seafood,1,-0.2292,0.14952,0.74424,False
international,meat seafood,2,0.4856,0.00149,0.33972,False
international,meat seafood,3,-0.2597,0.11041,0.70372,False
international,meat seafood,4,0.1612,0.33359,0.86692,False
international,pantry,1,-0.117,0.46644,0.89904,False
international,pantry,2,-0.0813,0.61795,0.92087,False
international,pantry,3,0.2499,0.12495,0.72852,False
international,pantry,4,0.0932,0.57764,0.91785,False
international,personal care,1,-0.0861,0.59253,0.91785,False
international,personal care,2,-0.0164,0.92,0.9853,False
international,personal care,3,0.3235,0.04458,0.64878,False
international,personal care,4,-0.048,0.77495,0.95767,False
international,pets,1,0.0349,0.82859,0.9735,False
international,pets,2,-0.0686,0.67395,0.92289,False
international,pets,3,-0.1309,0.42696,0.88716,False
international,pets,4,0.1191,0.47648,0.89904,False
international,produce,1,0.0644,0.68895,0.92947,False
international,produce,2,-0.0968,0.55258,0.90741,False
international,produce,3,-0.0637,0.70011,0.93205,False
international,produce,4,-0.1253,0.45355,0.89461,False
international,snacks,1,0.1947,0.22247,0.77471,False
international,snacks,2,0.2793,0.08094,0.69593,False
international,snacks,3,0.0294,0.85893,0.9735,False
international,snacks,4,-0.0809,0.62927,0.92289,False
meat seafood,alcohol,1,-0.111,0.48975,0.89904,False
meat seafood,alcohol,2,0.0619,0.70443,0.93525,False
meat seafood,alcohol,3,-0.1636,0.3197,0.85589,False
meat seafood,alcohol,4,0.4291,0.00718,0.51938,False
meat seafood,babies,1,-0.094,0.55891,0.91436,False
meat seafood,babies,2,0.1782,0.2713,0.83599,False
meat seafood,babies,3,-0.1343,0.41505,0.88458,False
meat seafood,babies,4,-0.1168,0.48513,0.89904,False
meat seafood,bakery,1,-0.1599,0.31795,0.85453,False
meat seafood,bakery,2,0.1286,0.42905,0.88716,False
meat seafood,bakery,3,0.1519,0.35601,0.87002,False
meat seafood,bakery,4,-0.348,0.03229,0.5886,False
meat seafood,beverages,1,0.0681,0.67209,0.92289,False
meat seafood,beverages,2,0.1409,0.38595,0.87292,False
meat seafood,beverages,3,0.0284,0.86357,0.9735,False
meat seafood,beverages,4,-0.3311,0.04229,0.64767,False
meat seafood,breakfast,1,-0.0009,0.99562,0.99854,False
meat seafood,breakfast,2,0.0131,0.93583,0.98881,False
meat seafood,breakfast,3,-0.1966,0.23025,0.77882,False
meat seafood,breakfast,4,0.0913,0.58579,0.91785,False
meat seafood,bulk,1,-0.0981,0.54153,0.9071,False
meat seafood,bulk,2,-0.0275,0.86616,0.9735,False
meat seafood,bulk,3,0.0736,0.65608,0.92289,False
meat seafood,bulk,4,-0.1449,0.38542,0.87292,False
meat seafood,canned goods,1,0.0034,0.98295,0.99854,False
meat seafood,canned goods,2,-0.147,0.3654,0.87292,False
meat seafood,canned goods,3,0.2086,0.20244,0.76514,False
meat seafood,canned goods,4,0.0416,0.80417,0.96427,False
meat seafood,dairy eggs,1,-0.0199,0.90192,0.9781,False
meat seafood,dairy eggs,2,0.1843,0.25483,0.80921,False
meat seafood,dairy eggs,3,-0.0381,0.81785,0.96752,False
meat seafood,dairy eggs,4,-0.2909,0.0764,0.67867,False
meat seafood,deli,1,-0.0909,0.57199,0.91733,False
meat seafood,deli,2,-0.0341,0.83454,0.9735,False
meat seafood,deli,3,-0.0497,0.76395,0.95541,False
meat seafood,deli,4,-0.0265,0.87431,0.97528,False
meat seafood,dry goods pasta,1,-0.0463,0.77389,0.95767,False
meat seafood,dry goods pasta,2,0.211,0.19126,0.74976,False
meat seafood,dry goods pasta,3,-0.0789,0.63295,0.92289,False
meat seafood,dry goods pasta,4,0.0416,0.80426,0.96427,False
meat seafood,frozen,1,0.1146,0.47559,0.89904,False
meat seafood,frozen,2,-0.3093,0.05211,0.66194,False
meat seafood,frozen,3,-0.0691,0.67598,0.92289,False
meat seafood,frozen,4,0.1827,0.27228,0.837,False
meat seafood,household,1,-0.0929,0.56347,0.91436,False
meat seafood,household,2,-0.0105,0.94881,0.99286,False
meat seafood,household,3,0.0066,0.96827,0.9974,False
meat seafood,household,4,0.2053,0.21622,0.77471,False
meat seafood,international,1,0.2168,0.1734,0.7483,False
meat seafood,international,2,-0.0871,0.59323,0.91785,False
meat seafood,international,3,-0.1117,0.49832,0.89904,False
meat seafood,international,4,0.1896,0.25427,0.80921,False
meat seafood,pantry,1,0.0916,0.56877,0.91436,False
meat seafood,pantry,2,0.0011,0.99442,0.99854,False
meat seafood,pantry,3,-0.144,0.38169,0.87292,False
meat seafood,pantry,4,0.3005,0.06676,0.66922,False
meat seafood,personal care,1,0.3888,0.012,0.51938,False
meat seafood,personal care,2,-0.1424,0.38058,0.87292,False
meat seafood,personal care,3,-0.0787,0.63401,0.92289,False
meat seafood,personal care,4,0.1447,0.38592,0.87292,False
meat seafood,pets,1,-0.241,0.12908,0.73405,False
meat seafood,pets,2,0.1623,0.31694,0.85349,False
meat seafood,pets,3,0.0488,0.76802,0.95541,False
meat seafood,pets,4,-0.1213,0.46815,0.89904,False
meat seafood,produce,1,-0.0247,0.87829,0.97542,False
meat seafood,produce,2,-0.1273,0.43387,0.88761,False
meat seafood,produce,3,0.1104,0.50361,0.89904,False
meat seafood,produce,4,0.1483,0.37437,0.87292,False
meat seafood,snacks,1,-0.014,0.93075,0.98783,False
meat seafood,snacks,2,0.1282,0.43061,0.88716,False
meat seafood,snacks,3,-0.1025,0.53478,0.90305,False
meat seafood,snacks,4,-0.1105,0.50882,0.89904,False
pantry,alcohol,1,-0.0224,0.8896,0.97585,False
pantry,alcohol,2,-0.3275,0.03915,0.64527,False
pantry,alcohol,3,0.1124,0.49552,0.89904,False
pantry,alcohol,4,-0.0371,0.82481,0.97187,False
pantry,babies,1,0.3574,0.0218,0.51938,False
pantry,babies,2,-0.0232,0.88723,0.97585,False
pantry,babies,3,-0.2277,0.16327,0.74424,False
pantry,babies,4,-0.053,0.75197,0.95245,False
pantry,bakery,1,0.2132,0.18078,0.74976,False
pantry,bakery,2,0.299,0.06092,0.66194,False
pantry,bakery,3,-0.3249,0.04357,0.64767,False
pantry,bakery,4,-0.0396,0.81348,0.96685,False
pantry,beverages,1,-0.2339,0.14099,0.74424,False
pantry,beverages,2,-0.0579,0.72273,0.94341,False
pantry,beverages,3,-0.0571,0.73009,0.94882,False
pantry,beverages,4,0.1988,0.23156,0.77882,False
pantry,breakfast,1,-0.1333,0.40595,0.88458,False
pantry,breakfast,2,0.0887,0.58608,0.91785,False
pantry,breakfast,3,0.2653,0.10266,0.6987,False
pantry,breakfast,4,-0.0453,0.78731,0.95953,False
pantry,bulk,1,0.046,0.77496,0.95767,False
pantry,bulk,2,0.0246,0.8801,0.97542,False
pantry,bulk,3,-0.0503,0.76126,0.95541,False
pantry,bulk,4,0.1154,0.49028,0.89904,False
pantry,canned goods,1,0.0209,0.89676,0.9781,False
pantry,canned goods,2,0.1322,0.41616,0.88458,False
pantry,canned goods,3,-0.0268,0.87152,0.9743,False
pantry,canned goods,4,0.1282,0.44292,0.89461,False
pantry,dairy eggs,1,0.1259,0.43269,0.88761,False
pantry,dairy eggs,2,-0.0629,0.69976,0.93205,False
pantry,dairy eggs,3,-0.23,0.15888,0.74424,False
pantry,dairy eggs,4,-0.1264,0.44969,0.89461,False
pantry,deli,1,-0.1954,0.22081,0.77471,False
pantry,deli,2,-0.0225,0.89024,0.97585,False
pantry,deli,3,0.3992,0.01181,0.51938,False
pantry,deli,4,-0.4148,0.00961,0.51938,False
pantry,dry goods pasta,1,0.1189,0.45914,0.89857,False
pantry,dry goods pasta,2,-0.0731,0.65415,0.92289,False
pantry,dry goods pasta,3,0.3684,0.021,0.51938,False
pantry,dry goods pasta,4,-0.1965,0.23702,0.78891,False
pantry,frozen,1,-0.2391,0.13217,0.73799,False
pantry,frozen,2,-0.0293,0.85761,0.9735,False
pantry,frozen,3,0.3014,0.0622,0.66194,False
pantry,frozen,4,0.089,0.59509,0.91785,False
pantry,household,1,-0.2939,0.06212,0.66194,False
pantry,household,2,-0.0582,0.72147,0.94341,False
pantry,household,3,0.1479,0.36899,0.87292,False
pantry,household,4,0.378,0.01928,0.51938,False
pantry,international,1,0.2394,0.1316,0.73782,False
pantry,international,2,0.1096,0.50085,0.89904,False
pantry,international,3,-0.2162,0.18611,0.74976,False
pantry,international,4,-0.0649,0.69884,0.93205,False
pantry,meat seafood,1,-0.0519,0.74731,0.95103,False
pantry,meat seafood,2,0.0296,0.85613,0.9735,False
pantry,meat seafood,3,0.0849,0.60724,0.92061,False
pantry,meat seafood,4,0.0273,0.87074,0.9743,False
pantry,personal care,1,-0.3777,0.0149,0.51938,False
pantry,personal care,2,-0.0912,0.57553,0.91785,False
pantry,personal care,3,0.0721,0.66273,0.92289,False
pantry,personal care,4,0.4163,0.00933,0.51938,False
pantry,pets,1,-0.0217,0.89306,0.97736,False
pantry,pets,2,0.0869,0.59369,0.91785,False
pantry,pets,3,-0.2303,0.15838,0.74424,False
pantry,pets,4,-0.0401,0.81093,0.96481,False
pantry,produce,1,0.3234,0.03914,0.64527,False
pantry,produce,2,0.2296,0.15406,0.74424,False
pantry,produce,3,-0.0989,0.54905,0.9071,False
pantry,produce,4,-0.3149,0.05412,0.66194,False
pantry,snacks,1,-0.2893,0.06656,0.66922,False
pantry,snacks,2,0.175,0.28013,0.8516,False
pantry,snacks,3,0.2985,0.06493,0.66922,False
pantry,snacks,4,-0.1365,0.41381,0.88458,False
personal care,alcohol,1,-0.003,0.9851,0.99854,False
personal care,alcohol,2,-0.3495,0.02705,0.54205,False
personal care,alcohol,3,0.2773,0.08747,0.69593,False
personal care,alcohol,4,-0.0803,0.6318,0.92289,False
personal care,babies,1,0.3058,0.05183,0.66194,False
personal care,babies,2,-0.0021,0.98984,0.99854,False
personal care,babies,3,-0.0843,0.60971,0.92061,False
personal care,babies,4,-0.1177,0.48174,0.89904,False
personal care,bakery,1,-0.0573,0.7221,0.94341,False
personal care,bakery,2,0.4219,0.00669,0.51938,False
personal care,bakery,3,-0.2309,0.15737,0.74424,False
personal care,bakery,4,-0.0287,0.86425,0.9735,False
personal care,beverages,1,-0.2267,0.1541,0.74424,False
personal care,beverages,2,0.0528,0.7463,0.95103,False
personal care,beverages,3,-0.0553,0.73828,0.95103,False
personal care,beverages,4,0.1953,0.23987,0.79261,False
personal care,breakfast,1,-0.184,0.24957,0.80921,False
personal care,breakfast,2,0.1985,0.21945,0.77471,False
personal care,breakfast,3,-0.0001,0.99959,0.99959,False
personal care,breakfast,4,0.2157,0.19335,0.74976,False
personal care,bulk,1,0.0675,0.67494,0.92289,False
personal care,bulk,2,-0.1259,0.43897,0.89097,False
personal care,bulk,3,-0.0224,0.89252,0.97736,False
personal care,bulk,4,0.1117,0.50432,0.89904,False
personal care,canned goods,1,0.005,0.97534,0.9985,False
personal care,canned goods,2,0.0626,0.701,0.93205,False
personal care,canned goods,3,-0.1476,0.36978,0.87292,False
personal care,canned goods,4,0.0283,0.86599,0.9735,False
personal care,dairy eggs,1,0.2005,0.20869,0.77159,False
personal care,dairy eggs,2,-0.2323,0.14916,0.74424,False
personal care,dairy eggs,3,0.146,0.37507,0.87292,False
personal care,dairy eggs,4,-0.2002,0.22827,0.77882,False
personal care,deli,1,-0.0969,0.54653,0.9071,False
personal care,deli,2,-0.0196,0.90446,0.97888,False
personal care,deli,3,0.1706,0.29919,0.8529,False
personal care,deli,4,-0.2397,0.14712,0.74424,False
personal care,dry goods pasta,1,0.054,0.73751,0.95103,False
personal care,dry goods pasta,2,-0.0085,0.95872,0.99434,False
personal care,dry goods pasta,3,0.1472,0.3712,0.87292,False
personal care,dry goods pasta,4,-0.0303,0.85679,0.9735,False
personal care,frozen,1,-0.2676,0.09075,0.69593,False
personal care,frozen,2,-0.0927,0.56947,0.91436,False
personal care,frozen,3,0.2667,0.10073,0.69864,False
personal care,frozen,4,0.1363,0.41436,0.88458,False
personal care,household,1,-0.4828,0.00139,0.33972,False
personal care,household,2,0.1496,0.3568,0.87002,False
personal care,household,3,-0.0742,0.6537,0.92289,False
personal care,household,4,0.3381,0.03786,0.63941,False
personal care,international,1,0.1812,0.25695,0.81284,False
personal care,international,2,0.1217,0.4545,0.89461,False
personal care,international,3,-0.2014,0.21891,0.77471,False
personal care,international,4,-0.1208,0.46999,0.89904,False
personal care,meat seafood,1,0.0518,0.74777,0.95103,False
personal care,meat seafood,2,-0.0742,0.64889,0.92289,False
personal care,meat seafood,3,0.003,0.98575,0.99854,False
personal care,meat seafood,4,-0.0968,0.56312,0.91436,False
personal care,pantry,1,0.0664,0.68008,0.92757,False
personal care,pantry,2,-0.2242,0.16425,0.74424,False
personal care,pantry,3,-0.0087,0.95797,0.99434,False
personal care,pantry,4,0.2217,0.181,0.74976,False
personal care,pets,1,0.0811,0.61441,0.92061,False
personal care,pets,2,-0.0335,0.8372,0.9735,False
personal care,pets,3,-0.1073,0.51562,0.89977,False
personal care,pets,4,0.0754,0.6527,0.92289,False
personal care,produce,1,0.3085,0.04971,0.66194,False
personal care,produce,2,0.0788,0.62907,0.92289,False
personal care,produce,3,0.0256,0.87688,0.97542,False
personal care,produce,4,-0.3858,0.01674,0.51938,False
personal care,snacks,1,-0.161,0.31463,0.85349,False
personal care,snacks,2,0.0758,0.64186,0.92289,False
personal care,snacks,3,0.2296,0.15965,0.74424,False
personal care,snacks,4,0.0517,0.75771,0.95446,False
pets,alcohol,1,-0.121,0.45102,0.89461,False
pets,alcohol,2,0.144,0.37526,0.87292,False
pets,alcohol,3,-0.1362,0.40825,0.88458,False
pets,alcohol,4,0.0956,0.56808,0.91436,False
pets,babies,1,-0.2488,0.11674,0.72263,False
pets,babies,2,0.1402,0.38826,0.87303,False
pets,babies,3,0.4158,0.00848,0.51938,False
pets,babies,4,-0.5407,0.00046,0.20976,False
pets,bakery,1,0.1835,0.25083,0.80921,False
pets,bakery,2,-0.1852,0.25255,0.80921,False
pets,bakery,3,0.0325,0.84431,0.9735,False
pets,bakery,4,0.1567,0.34757,0.86692,False
pets,beverages,1,-0.0916,0.56884,0.91436,False
pets,beverages,2,-0.0094,0.9543,0.99427,False
pets,beverages,3,0.0551,0.73913,0.95103,False
pets,beverages,4,0.2817,0.08668,0.69593,False
pets,breakfast,1,-0.1712,0.28464,0.85205,False
pets,breakfast,2,-0.0848,0.60298,0.92061,False
pets,breakfast,3,0.1329,0.4199,0.88458,False
pets,breakfast,4,0.0672,0.68847,0.92947,False
pets,bulk,1,-0.0984,0.54035,0.9071,False
pets,bulk,2,0.114,0.48366,0.89904,False
pets,bulk,3,0.1531,0.35226,0.87002,False
pets,bulk,4,-0.2297,0.16532,0.74424,False
pets,canned goods,1,0.2569,0.10492,0.70015,False
pets,canned goods,2,-0.1406,0.38669,0.87292,False
pets,canned goods,3,-0.0797,0.62968,0.92289,False
pets,canned goods,4,0.1248,0.45536,0.89502,False
pets,dairy eggs,1,-0.0284,0.86,0.9735,False
pets,dairy eggs,2,-0.0136,0.93371,0.98881,False
pets,dairy eggs,3,0.2775,0.08722,0.69593,False
pets,dairy eggs,4,-0.2775,0.09165,0.69593,False
pets,deli,1,0.0933,0.56184,0.91436,False
pets,deli,2,-0.1098,0.49995,0.89904,False
pets,deli,3,0.1057,0.522,0.9013,False
pets,deli,4,-0.0953,0.56927,0.91436,False
pets,dry goods pasta,1,-0.0413,0.79787,0.96082,False
pets,dry goods pasta,2,-0.136,0.40276,0.88439,False
pets,dry goods pasta,3,0.0723,0.66198,0.92289,False
pets,dry goods pasta,4,0.0738,0.65948,0.92289,False
pets,frozen,1,-0.1525,0.34114,0.86692,False
pets,frozen,2,0.2644,0.0992,0.69593,False
pets,frozen,3,-0.1031,0.53212,0.90305,False
pets,frozen,4,-0.1197,0.47393,0.89904,False
pets,household,1,-0.0864,0.59105,0.91785,False
pets,household,2,0.0257,0.87476,0.97528,False
pets,household,3,-0.2167,0.18514,0.74976,False
pets,household,4,0.2942,0.07301,0.67694,False
pets,international,1,0.0849,0.59781,0.91785,False
pets,international,2,0.0888,0.58593,0.91785,False
pets,international,3,-0.1075,0.51478,0.89977,False
pets,international,4,-0.075,0.65467,0.92289,False
pets,meat seafood,1,0.1476,0.35723,0.87002,False
pets,meat seafood,2,-0.2105,0.19223,0.74976,False
pets,meat seafood,3,0.0384,0.81639,0.96752,False
pets,meat seafood,4,0.1173,0.48299,0.89904,False
pets,pantry,1,0.1476,0.357,0.87002,False
pets,pantry,2,-0.0163,0.92048,0.9853,False
pets,pantry,3,-0.2723,0.09359,0.69593,False
pets,pantry,4,0.1096,0.51254,0.89977,False
pets,personal care,1,-0.1878,0.23973,0.79261,False
pets,personal care,2,0.2056,0.20303,0.76514,False
pets,personal care,3,-0.317,0.04929,0.66194,False
pets,personal care,4,0.1693,0.30963,0.8529,False
pets,produce,1,0.1857,0.24516,0.80427,False
pets,produce,2,0.0938,0.56466,0.91436,False
pets,produce,3,-0.1789,0.27598,0.84085,False
pets,produce,4,-0.0589,0.72531,0.94498,False
pets,snacks,1,-0.2612,0.09907,0.69593,False
pets,snacks,2,-0.0014,0.99319,0.99854,False
pets,snacks,3,0.1707,0.29881,0.8529,False
pets,snacks,4,0.0031,0.98529,0.99854,False
produce,alcohol,1,-0.0329,0.83826,0.9735,False
produce,alcohol,2,0.0542,0.73989,0.95103,False
produce,alcohol,3,0.0406,0.80594,0.96454,False
produce,alcohol,4,-0.0787,0.63868,0.92289,False
produce,babies,1,-0.1003,0.5326,0.90305,False
produce,babies,2,0.1057,0.51639,0.89977,False
produce,babies,3,-0.237,0.14636,0.74424,False
produce,babies,4,0.1746,0.2945,0.8529,False
produce,bakery,1,-0.0252,0.87573,0.97542,False
produce,bakery,2,-0.0626,0.70108,0.93205,False
produce,bakery,3,-0.1317,0.42429,0.8848,False
produce,bakery,4,0.0123,0.94153,0.99154,False
produce,beverages,1,0.194,0.22432,0.77882,False
produce,beverages,2,0.2021,0.21114,0.77372,False
produce,beverages,3,-0.0636,0.7004,0.93205,False
produce,beverages,4,-0.149,0.37194,0.87292,False
produce,breakfast,1,0.2343,0.14039,0.74424,False
produce,breakfast,2,-0.2113,0.19055,0.74976,False
produce,breakfast,3,-0.051,0.75771,0.95446,False
produce,breakfast,4,0.0758,0.65119,0.92289,False
produce,bulk,1,0.185,0.24681,0.80598,False
produce,bulk,2,0.0492,0.76312,0.95541,False
produce,bulk,3,-0.176,0.28394,0.85205,False
produce,bulk,4,-0.0509,0.76165,0.95541,False
produce,canned goods,1,0.0314,0.84558,0.9735,False
produce,canned goods,2,-0.0891,0.5847,0.91785,False
produce,canned goods,3,0.1102,0.50419,0.89904,False
produce,canned goods,4,0.0997,0.55134,0.90741,False
produce,dairy eggs,1,-0.2212,0.16448,0.74424,False
produce,dairy eggs,2,0.1428,0.37948,0.87292,False
produce,dairy eggs,3,-0.3294,0.04061,0.64598,False
produce,dairy eggs,4,0.1468,0.37904,0.87292,False
produce,deli,1,0.3012,0.05563,0.66194,False
produce,deli,2,-0.1435,0.3769,0.87292,False
produce,deli,3,-0.1128,0.4941,0.89904,False
produce,deli,4,0.043,0.79782,0.96082,False
produce,dry goods pasta,1,0.2402,0.13039,0.73405,False
produce,dry goods pasta,2,-0.1335,0.4114,0.88458,False
produce,dry goods pasta,3,0.0843,0.61006,0.92061,False
produce,dry goods pasta,4,0.0148,0.92959,0.98783,False
produce,frozen,1,0.3212,0.0406,0.64598,False
produce,frozen,2,0.085,0.60223,0.92061,False
produce,frozen,3,0.0953,0.56377,0.91436,False
produce,frozen,4,-0.3083,0.05967,0.66194,False
produce,household,1,0.2817,0.0744,0.67694,False
produce,household,2,0.0274,0.86676,0.9735,False
produce,household,3,0.1164,0.48047,0.89904,False
produce,household,4,-0.1632,0.32752,0.86496,False
produce,international,1,-0.1483,0.35487,0.87002,False
produce,international,2,-0.1843,0.25495,0.80921,False
produce,international,3,0.3423,0.03294,0.5886,False
produce,international,4,0.1669,0.31671,0.85349,False
produce,meat seafood,1,-0.0638,0.69185,0.93063,False
produce,meat seafood,2,0.2086,0.19647,0.75416,False
produce,meat seafood,3,-0.0727,0.65987,0.92289,False
produce,meat seafood,4,-0.1251,0.45431,0.89461,False
produce,pantry,1,-0.2622,0.09777,0.69593,False
produce,pantry,2,0.1017,0.5322,0.90305,False
produce,pantry,3,0.3056,0.05847,0.66194,False
produce,pantry,4,0.0441,0.79269,0.95953,False
produce,personal care,1,0.1113,0.48859,0.89904,False
produce,personal care,2,0.0968,0.55244,0.90741,False
produce,personal care,3,0.2828,0.08106,0.69593,False
produce,personal care,4,-0.2158,0.19325,0.74976,False
produce,pets,1,-0.1745,0.27509,0.84085,False
produce,pets,2,0.0005,0.99771,0.99914,False
produce,pets,3,-0.0111,0.94635,0.9928,False
produce,pets,4,0.216,0.19267,0.74976,False
produce,snacks,1,0.272,0.08539,0.69593,False
produce,snacks,2,0.0484,0.76667,0.95541,False
produce,snacks,3,-0.0401,0.80844,0.96454,False
produce,snacks,4,-0.1738,0.29657,0.8529,False
snacks,alcohol,1,0.213,0.18111,0.74976,False
snacks,alcohol,2,0.223,0.16659,0.74424,False
snacks,alcohol,3,-0.1065,0.51888,0.90056,False
snacks,alcohol,4,0.0993,0.55289,0.90741,False
snacks,babies,1,-0.1231,0.44316,0.89461,False
snacks,babies,2,-0.0462,0.77716,0.95866,False
snacks,babies,3,0.3662,0.02185,0.51938,False
snacks,babies,4,-0.0446,0.79042,0.95953,False
snacks,bakery,1,-0.043,0.78968,0.95953,False
snacks,bakery,2,0.072,0.65888,0.92289,False
snacks,bakery,3,0.1716,0.29618,0.8529,False
snacks,bakery,4,0.0707,0.67331,0.92289,False
snacks,beverages,1,0.0813,0.61334,0.92061,False
snacks,beverages,2,0.0727,0.65562,0.92289,False
snacks,beverages,3,-0.2131,0.19277,0.74976,False
snacks,beverages,4,0.074,0.659,0.92289,False
snacks,breakfast,1,0.1393,0.38509,0.87292,False
snacks,breakfast,2,-0.1124,0.49,0.89904,False
snacks,breakfast,3,0.1149,0.4861,0.89904,False
snacks,breakfast,4,-0.2145,0.19591,0.75416,False
snacks,bulk,1,-0.1679,0.29408,0.8529,False
snacks,bulk,2,-0.0287,0.86027,0.9735,False
snacks,bulk,3,0.0447,0.787,0.95953,False
snacks,bulk,4,0.1535,0.35742,0.87002,False
snacks,canned goods,1,-0.017,0.91594,0.98335,False
snacks,canned goods,2,-0.119,0.46468,0.89904,False
snacks,canned goods,3,-0.3357,0.03668,0.63219,False
snacks,canned goods,4,-0.1533,0.35813,0.8702,False
snacks,dairy eggs,1,-0.0674,0.67552,0.92289,False
snacks,dairy eggs,2,0.159,0.32696,0.86496,False
snacks,dairy eggs,3,0.0667,0.68676,0.92927,False
snacks,dairy eggs,4,0.2931,0.07411,0.67694,False
snacks,deli,1,0.0677,0.67413,0.92289,False
snacks,deli,2,-0.2687,0.09369,0.69593,False
snacks,deli,3,0.1842,0.26167,0.81889,False
snacks,deli,4,0.0859,0.60802,0.92061,False
snacks,dry goods pasta,1,-0.0933,0.56195,0.91436,False
snacks,dry goods pasta,2,-0.1643,0.31107,0.8529,False
snacks,dry goods pasta,3,-0.0657,0.69101,0.93058,False
snacks,dry goods pasta,4,-0.0354,0.83305,0.9735,False
snacks,frozen,1,0.0324,0.84086,0.9735,False
snacks,frozen,2,-0.161,0.32096,0.85589,False
snacks,frozen,3,-0.1226,0.45711,0.89643,False
snacks,frozen,4,0.1714,0.30347,0.8529,False
snacks,household,1,0.3865,0.01254,0.51938,False
snacks,household,2,-0.2537,0.11425,0.71694,False
snacks,household,3,-0.0047,0.97727,0.9985,False
snacks,household,4,-0.1973,0.23512,0.78642,False
snacks,international,1,-0.3389,0.03017,0.56994,False
snacks,international,2,0.0884,0.58762,0.91785,False
snacks,international,3,-0.0244,0.88273,0.97542,False
snacks,international,4,-0.3072,0.06063,0.66194,False
snacks,meat seafood,1,0.0715,0.65703,0.92289,False
snacks,meat seafood,2,-0.1463,0.36768,0.87292,False
snacks,meat seafood,3,-0.067,0.68514,0.92913,False
snacks,meat seafood,4,0.0057,0.97277,0.9985,False
snacks,pantry,1,0.2188,0.16925,0.74424,False
snacks,pantry,2,0.1112,0.49445,0.89904,False
snacks,pantry,3,-0.2043,0.21223,0.77372,False
snacks,pantry,4,-0.301,0.06627,0.66922,False
snacks,personal care,1,0.408,0.0081,0.51938,False
snacks,personal care,2,-0.2122,0.18856,0.74976,False
snacks,personal care,3,-0.1322,0.42238,0.8848,False
snacks,personal care,4,-0.1769,0.28811,0.8529,False
snacks,pets,1,0.1972,0.2166,0.77471,False
snacks,pets,2,-0.1283,0.43028,0.88716,False
snacks,pets,3,0.3252,0.04338,0.64767,False
snacks,pets,4,-0.1103,0.50981,0.89904,False
snacks,produce,1,-0.3304,0.03487,0.61157,False
snacks,produce,2,0.081,0.61917,0.92168,False
snacks,produce,3,0.2177,0.18301,0.74976,False
snacks,produce,4,0.1205,0.47119,0.89904,False
